,City,Country,Lat,Lng,Max Temp,Humidity,Cloudiness,Wind Speed,Current Description
0,Sioux Lookout,CA,50.1001,-91.917,-1.82,65,20,3.44,few clouds
1,Avarua,CK,-21.2078,-159.775,82.45,83,20,17.27,few clouds
2,Ushuaia,AR,-54.8,-68.3,51.42,76,75,16.11,broken clouds
3,Hovd,MN,48.0056,91.6419,-4.0,92,100,2.33,overcast clouds
4,Aklavik,CA,68.2191,-135.0107,-9.4,64,75,5.75,broken clouds
5,Olafsvik,IS,64.8945,-23.7142,40.32,97,100,26.96,overcast clouds
6,Garowe,SO,8.4054,48.4845,66.06,76,100,8.23,overcast clouds
7,Port Alfred,ZA,-33.5906,26.891,71.92,88,61,13.62,broken clouds
8,Naze,JP,28.3667,129.4833,59.92,80,88,9.64,overcast clouds
9,Bambous Virieux,MU,-20.3428,57.7575,75.45,83,40,3.44,scattered clouds
10,Vytegra,RU,61.0064,36.4481,18.3,94,100,9.75,snow
11,Kencong,ID,-8.2833,113.3667,76.33,92,100,1.79,overcast clouds
12,Huarmey,PE,-10.0681,-78.1522,72.82,81,98,10.18,overcast clouds
13,Labuhan,ID,-6.8844,112.2051,77.99,86,100,9.89,light rain
14,Tuktoyaktuk,CA,69.4541,-133.0374,-20.2,76,20,8.05,few clouds
15,Biak,ID,-0.9131,122.8766,76.32,85,99,1.5,overcast clouds
16,Toamasina,MG,-18.1667,49.3833,73.4,94,75,6.91,broken clouds
17,Rikitea,PF,-23.1203,-134.9692,78.78,76,94,17.49,overcast clouds
18,East London,ZA,-33.0153,27.9116,73.6,90,8,13.78,clear sky
19,Amapa,BR,1.0,-52.0,71.55,100,100,1.57,overcast clouds
20,Sunel,IN,24.3667,75.9667,51.01,48,0,2.84,clear sky
21,College,US,64.8569,-147.8028,-5.42,75,75,0.0,broken clouds
22,Punta Arenas,CL,-53.15,-70.9167,53.71,76,0,9.22,clear sky
23,Lebu,CL,-37.6167,-73.65,64.06,82,5,7.25,clear sky
24,Hobart,AU,-42.8794,147.3294,82.26,61,0,1.01,clear sky
25,Vaini,TO,-21.2,-175.2,82.81,77,92,15.64,overcast clouds
26,Namibe,AO,-15.1961,12.1522,74.84,82,100,1.48,overcast clouds
27,Makakilo City,US,21.3469,-158.0858,80.92,50,0,9.22,clear sky
28,Souillac,MU,-20.5167,57.5167,75.58,83,40,3.44,scattered clouds
29,Kimbe,PG,-5.5502,150.1429,82.83,76,96,1.74,overcast clouds
30,Sakaiminato,JP,35.55,133.2333,44.58,70,75,6.91,broken clouds
31,Bengkulu,ID,-3.8004,102.2655,75.9,88,99,3.56,overcast clouds
32,Uliesti,RO,44.5833,25.4167,32.61,88,56,10.47,broken clouds
33,Isangel,VU,-19.55,169.2667,86.11,79,75,8.05,broken clouds
34,Yumen,CN,40.2833,97.2,18.03,43,6,8.01,clear sky
35,El Alto,PE,-4.2714,-81.2147,71.37,80,62,9.15,broken clouds
36,Puerto Ayora,EC,-0.7393,-90.3518,75.13,78,98,6.87,overcast clouds
37,Laibin,CN,23.7,109.2667,50.56,83,100,8.95,overcast clouds
38,Skibbereen,IE,51.55,-9.2667,40.8,81,98,5.06,overcast clouds
39,Raudeberg,NO,61.9875,5.1352,38.07,66,100,5.01,overcast clouds
40,Cape Town,ZA,-33.9258,18.4232,66.09,68,20,12.66,few clouds
41,Mataura,NZ,-46.1927,168.8643,62.47,35,52,1.34,broken clouds
42,Hilo,US,19.7297,-155.09,80.33,65,0,12.66,clear sky
43,Mwinilunga,ZM,-11.7358,24.4293,60.67,98,100,5.88,overcast clouds
44,Barrow,US,71.2906,-156.7887,-14.78,76,0,10.36,clear sky
45,Saint-Philippe,RE,-21.3585,55.7679,72.99,82,65,5.44,light rain
46,Tiksi,RU,71.6872,128.8694,-13.99,97,33,10.51,scattered clouds
47,Salalah,OM,17.0151,54.0924,71.69,68,40,6.91,scattered clouds
48,Komsomolskiy,UZ,40.4272,71.7189,27.82,68,60,6.91,broken clouds
49,Hermanus,ZA,-34.4187,19.2345,65.8,82,18,2.62,few clouds
50,Sorland,NO,67.667,12.6934,33.35,58,100,27.63,light snow
51,Vestmannaeyjar,IS,63.4427,-20.2734,42.48,89,100,26.66,overcast clouds
52,San Patricio,US,28.017,-97.5169,63.28,64,100,8.61,overcast clouds
53,Atasu,KZ,48.6814,71.6433,2.86,81,11,7.09,few clouds
54,Pingliang,CN,35.5392,106.6861,19.62,88,100,5.26,overcast clouds
55,New Norfolk,AU,-42.7826,147.0587,81.91,56,44,3.0,scattered clouds
56,Cherskiy,RU,68.75,161.3,-36.4,96,33,1.99,scattered clouds
57,Airai,TL,-8.9266,125.4092,68.27,70,100,3.36,overcast clouds
58,Bluff,NZ,-46.6,168.3333,62.8,58,75,6.13,broken clouds
59,Kodiak,US,57.79,-152.4072,36.91,87,100,12.66,moderate rain
60,Cradock,ZA,-32.1642,25.6192,69.06,85,40,6.8,scattered clouds
61,Hithadhoo,MV,-0.6,73.0833,81.01,70,82,14.5,broken clouds
62,Arraial Do Cabo,BR,-22.9661,-42.0278,80.56,73,0,8.05,clear sky
63,Taoudenni,ML,22.6783,-3.9836,69.22,17,100,11.92,overcast clouds
64,Mahebourg,MU,-20.4081,57.7,75.49,83,40,3.44,scattered clouds
65,Sembe,CG,1.6481,14.5806,72.54,29,63,0.85,broken clouds
66,Atuona,PF,-9.8,-139.0333,78.4,78,5,17.72,clear sky
67,Ponta Do Sol,PT,32.6667,-17.1,59.63,75,51,4.12,broken clouds
68,Half Moon Bay,US,37.4636,-122.4286,70.47,41,0,0.0,clear sky
69,Albany,US,42.6001,-73.9662,23.65,54,85,1.99,overcast clouds
70,Cabo San Lucas,MX,22.8909,-109.9124,77.5,50,20,1.99,few clouds
71,Mount Isa,AU,-20.7333,139.5,82.17,74,40,12.66,scattered clouds
72,Nikolskoye,RU,59.7035,30.7861,30.87,96,100,8.52,light snow
73,Dikson,RU,73.5069,80.5464,1.09,95,100,25.77,overcast clouds
74,Upernavik,GL,72.7868,-56.1549,2.66,92,74,26.66,broken clouds
75,Auki,SB,-8.7676,160.7034,79.95,85,100,5.5,light rain
76,Korla,CN,41.7597,86.1469,20.82,63,0,3.2,clear sky
77,Quatre Cocos,MU,-20.2078,57.7625,75.31,71,41,9.26,scattered clouds
78,Marawi,PH,7.9986,124.2928,63.64,84,87,1.25,overcast clouds
79,Cabedelo,BR,-6.9811,-34.8339,77.67,78,87,10.13,light rain
80,Surab,PK,28.4914,66.2585,44.22,21,0,3.76,clear sky
81,Khatanga,RU,71.9667,102.5,6.37,80,99,17.74,overcast clouds
82,Baykit,RU,61.67,96.37,-20.7,100,69,1.45,broken clouds
83,Pacific Grove,US,36.6177,-121.9166,70.43,69,0,5.01,clear sky
84,Palmerston,AU,-12.486,130.9833,82.92,83,75,12.66,broken clouds
85,Kollam,IN,8.8833,76.6,76.87,72,21,12.66,few clouds
86,Hamilton,US,39.1834,-84.5333,36.36,67,100,1.01,overcast clouds
87,Dingle,PH,10.9995,122.6711,79.25,86,78,6.78,broken clouds
88,Lompoc,US,34.6391,-120.4579,70.38,47,0,5.75,clear sky
89,Leningradskiy,RU,69.3833,178.4167,-16.96,94,45,1.59,scattered clouds
90,Port-Gentil,GA,-0.7193,8.7815,79.77,82,100,9.66,overcast clouds
91,Qaanaaq,GL,77.484,-69.3632,-9.49,71,31,7.72,scattered clouds
92,Butaritari,KI,3.0707,172.7902,82.38,77,29,15.99,scattered clouds
93,Pevek,RU,69.7008,170.3133,-27.31,99,22,2.95,few clouds
94,Jalu,LY,29.0331,21.5482,50.07,73,64,7.94,broken clouds
95,Veinticinco De Mayo,AR,-35.4323,-60.1727,67.98,64,0,4.34,clear sky
96,Constitucion,CL,-35.3333,-72.4167,59.58,94,17,5.48,few clouds
97,Sao Geraldo Do Araguaia,BR,-6.4006,-48.555,71.89,97,100,1.7,heavy intensity rain
98,Jacksonville,US,30.3322,-81.6556,53.1,83,75,1.01,broken clouds
99,Guerrero Negro,MX,27.9769,-114.0611,69.48,31,66,9.93,broken clouds
100,Vila Velha,BR,-20.3297,-40.2925,78.94,85,0,11.01,clear sky
101,Fairbanks,US,64.8378,-147.7164,-4.4,75,75,0.0,broken clouds
102,Chuy,UY,-33.6971,-53.4616,66.85,64,74,8.08,broken clouds
103,Semiletka,RU,55.3603,54.6153,0.32,98,88,4.65,overcast clouds
104,Ranong,TH,9.9658,98.6348,74.75,91,54,4.74,broken clouds
105,Birao,CF,10.2849,22.7882,68.41,18,88,10.78,overcast clouds
106,Bredasdorp,ZA,-34.5322,20.0403,65.52,77,3,6.91,clear sky
107,Srednekolymsk,RU,67.45,153.6833,-34.76,98,94,4.09,overcast clouds
108,Yinchuan,CN,38.4681,106.2731,24.73,41,100,1.19,overcast clouds
109,Mayo,US,38.8876,-76.5119,34.2,60,0,1.99,clear sky
110,Vao,NC,-22.6667,167.4833,78.8,85,76,19.84,light rain
111,Gravdal,NO,68.1214,13.5031,31.68,58,100,21.88,light snow
112,Matelandia,BR,-25.2408,-53.9964,72.48,95,100,1.66,light rain
113,Gumdag,TM,39.2061,54.5906,44.53,87,100,12.75,overcast clouds
114,Dongsheng,CN,39.8161,109.9776,13.62,39,58,3.87,broken clouds
115,Clyde River,CA,70.4692,-68.5914,-7.37,84,90,23.02,light snow
116,Bac Lieu,VN,9.285,105.7244,76.05,82,94,4.32,overcast clouds
117,Banamba,ML,13.55,-7.45,71.06,12,19,7.61,few clouds
118,Portland,US,45.5234,-122.6762,54.55,56,0,3.0,clear sky
119,Acapulco,MX,16.8634,-99.8901,84.02,70,0,5.75,clear sky
120,Itarema,BR,-2.9248,-39.9167,77.16,82,100,8.48,moderate rain
121,Puerto Escondido,MX,15.85,-97.0667,85.03,70,20,6.91,few clouds
122,Kribi,CM,2.95,9.9167,79.03,83,100,5.75,overcast clouds
123,Coquimbo,CL,-29.9533,-71.3436,64.13,82,20,10.36,few clouds
124,Kapaa,US,22.0752,-159.319,80.11,64,0,1.01,clear sky
125,Severo-Kurilsk,RU,50.6789,156.125,24.64,84,96,38.34,light snow
126,Yellowknife,CA,62.456,-114.3525,-1.68,84,75,2.3,broken clouds
127,Kruisfontein,ZA,-34.0033,24.7314,65.88,85,100,7.54,overcast clouds
128,Ribeira Grande,PT,38.5167,-28.7,60.19,75,13,12.82,few clouds
129,Tautira,PF,-17.7333,-149.15,84.0,75,14,16.35,light rain
130,Karpogory,RU,64.0019,44.4451,12.61,93,100,7.14,overcast clouds
131,Charters Towers,AU,-20.1,146.2667,74.77,86,100,12.82,overcast clouds
132,Kikwit,CD,-5.041,18.8162,71.65,80,43,1.43,scattered clouds
133,Kavaratti,IN,10.5669,72.642,78.85,73,67,9.62,broken clouds
134,Minab,IR,27.1467,57.0801,60.3,94,0,0.0,clear sky
135,San Cristobal,VE,7.7669,-72.225,73.58,89,70,2.93,broken clouds
136,Busselton,AU,-33.65,115.3333,61.09,60,0,11.95,clear sky
137,Port Elizabeth,ZA,-33.918,25.5701,68.29,88,0,8.05,clear sky
138,Evensk,RU,61.95,159.2333,19.42,83,100,37.07,light snow
139,Aykhal,RU,66.0,111.5,-15.47,98,54,6.85,broken clouds
140,Avera,US,33.194,-82.5271,47.71,42,5,5.37,clear sky
141,Lyubech,UA,51.7026,30.6569,32.05,97,100,13.67,light snow
142,Saryozek,KZ,44.3583,77.9753,13.41,73,4,4.52,clear sky
143,Cururupu,BR,-1.8283,-44.8683,72.7,97,100,1.43,overcast clouds
144,Tateyama,JP,34.9833,139.8667,48.47,97,99,8.93,overcast clouds
145,Byron Bay,AU,-28.65,153.6167,80.55,74,41,8.99,scattered clouds
146,Ilulissat,GL,69.2167,-51.1,6.82,78,90,12.66,light shower snow
147,Smithers,CA,54.7804,-127.1743,25.12,74,40,5.75,scattered clouds
148,Luwuk,ID,-0.9516,122.7875,80.76,84,100,1.61,overcast clouds
149,Sitka,US,57.0531,-135.33,44.49,65,100,14.97,light rain
150,Okhotsk,RU,59.3833,143.3,-7.83,78,26,18.39,scattered clouds
151,Jamestown,US,42.097,-79.2353,26.1,62,100,8.01,overcast clouds
152,Talnakh,RU,69.4865,88.3972,4.21,93,100,16.17,light snow
153,Madimba,TZ,-10.4,40.3333,76.91,81,86,4.97,overcast clouds
154,Pangnirtung,CA,66.1451,-65.7125,-11.2,58,90,2.3,light snow
155,Tura,IN,25.5198,90.2201,47.64,66,0,2.57,clear sky
156,Nabire,ID,-3.3667,135.4833,83.44,67,64,0.29,broken clouds
157,Ola,RU,59.5833,151.2833,3.25,79,100,13.06,overcast clouds
158,Lata,PT,40.1629,-8.3327,48.04,74,0,4.5,clear sky
159,Imbituba,BR,-28.24,-48.6703,73.81,85,100,14.81,overcast clouds
160,Mar Del Plata,AR,-38.0023,-57.5575,61.88,73,20,7.0,few clouds
161,Deputatskiy,RU,69.3,139.9,-21.75,97,71,3.91,broken clouds
162,Timizart,DZ,36.8,4.2667,45.41,65,0,4.88,clear sky
163,Yazykovo,RU,55.2199,56.1353,-2.54,100,98,4.27,overcast clouds
164,Yaan,NG,7.3833,8.5667,78.89,19,9,5.7,clear sky
165,Swan Hill,AU,-35.3378,143.5544,88.48,50,47,9.8,scattered clouds
166,Concepcion Del Oro,MX,24.6333,-101.4167,63.37,22,98,9.08,overcast clouds
167,Yantal,RU,56.8471,105.2542,-12.46,100,94,2.64,overcast clouds
168,Kahului,US,20.8947,-156.47,80.96,63,20,11.5,few clouds
169,Thompson,CA,55.7435,-97.8558,-9.24,70,75,6.91,broken clouds
170,Luderitz,NA,-26.6481,15.1594,67.3,75,0,21.7,clear sky
171,Henties Bay,NA,-22.116,14.2845,65.86,88,54,10.87,broken clouds
172,Lorengau,PG,-2.0226,147.2712,83.53,74,94,6.04,overcast clouds
173,Norman Wells,CA,65.282,-126.8329,-0.36,78,100,5.75,light snow
174,Lavrentiya,RU,65.5833,-171.0,-11.27,89,37,3.44,scattered clouds
175,Nalut,LY,30.3333,10.85,41.34,40,7,9.08,clear sky
176,Mana,GF,5.6592,-53.7767,76.01,81,54,7.96,broken clouds
177,Sonoita,MX,31.85,-112.8333,65.53,16,9,12.39,clear sky
178,Iqaluit,CA,63.7506,-68.5145,-9.31,76,90,2.3,light snow
179,Port Macquarie,AU,-31.4333,152.9167,80.89,60,44,8.21,scattered clouds
180,Victoria Point,AU,-27.5833,153.3,82.26,73,47,5.01,scattered clouds
181,Porto Uniao,BR,-26.2381,-51.0783,68.18,100,100,1.28,overcast clouds
182,Geraldton,AU,-28.7667,114.6,78.13,47,0,10.36,clear sky
183,Yaring,TH,6.8662,101.3689,75.0,85,71,6.73,broken clouds
184,Viedma,AR,-40.8135,-62.9967,70.52,48,0,19.01,clear sky
185,Amahai,ID,-3.3333,128.9167,81.28,76,99,4.03,overcast clouds
186,Mujiayingzi,CN,42.1167,118.7833,7.7,55,0,6.82,clear sky
187,Sechura,PE,-5.5569,-80.8222,74.66,72,49,13.78,scattered clouds
188,Hambantota,LK,6.1241,81.1185,72.46,76,98,10.27,overcast clouds
189,Severobaykalsk,RU,55.65,109.3167,-9.81,90,14,5.1,few clouds
190,Klyuchi,RU,52.2667,79.1667,-6.38,98,95,6.15,overcast clouds
191,Jalingo,NG,8.8833,11.3667,73.47,20,30,6.76,scattered clouds
192,Saldanha,ZA,-33.0117,17.9442,60.85,85,0,18.01,clear sky
193,Ouallam,NE,14.3188,2.0866,67.87,19,0,11.3,clear sky
194,Teya,RU,60.3778,92.6267,-12.01,100,97,3.13,overcast clouds
195,Zhangye,CN,38.9342,100.4517,19.63,38,99,2.59,overcast clouds
196,Doka,SD,13.5167,35.7667,69.26,52,46,15.28,scattered clouds
197,Gat,IL,31.61,34.7642,47.08,100,94,11.72,overcast clouds
198,Kholuy,RU,56.575,41.8692,8.42,95,99,7.58,overcast clouds
199,Chushan,CN,33.2955,113.6528,30.6,97,96,4.72,snow
200,Praya,CV,14.9215,-23.5087,70.34,68,75,21.85,broken clouds
201,Kyabe,TD,9.4515,18.9449,73.72,23,45,6.02,scattered clouds
202,Lapua,FI,62.9693,23.0088,31.1,92,100,5.48,overcast clouds
203,Aksu,CN,41.1231,80.2644,19.62,65,0,1.9,clear sky
204,Ponta Delgada,PT,37.7333,-25.6667,57.51,82,20,6.91,few clouds
205,Yerbogachen,RU,61.2767,108.0108,-25.76,100,89,3.47,overcast clouds
206,Tessalit,ML,20.1986,1.0114,61.36,22,68,13.96,broken clouds
207,Nelson Bay,AU,-32.7167,152.15,82.0,59,2,1.99,clear sky
208,Shonguy,RU,68.7526,33.146,15.87,92,75,0.0,broken clouds
209,Vung Tau,VN,10.346,107.0843,74.79,80,71,7.18,broken clouds
210,Boddam,GB,57.4667,-1.7833,43.38,83,63,10.89,broken clouds
211,Praia Da Vitoria,PT,38.7333,-27.0667,57.45,94,75,15.77,broken clouds
212,Dubrovnik,HR,42.6481,18.0922,42.44,70,0,8.05,clear sky
213,Nyurba,RU,63.2842,118.3319,-9.13,94,34,6.08,scattered clouds
214,Thanh Hoa,VN,19.8,105.7667,68.0,93,21,2.3,few clouds
215,Coruripe,BR,-10.1256,-36.1756,78.85,80,42,10.16,scattered clouds
216,Bathsheba,BB,13.2167,-59.5167,75.81,69,20,8.05,few clouds
217,Porterville,US,36.0652,-119.0168,66.52,37,0,3.87,clear sky
218,Polyarnyy,RU,69.1989,33.4478,16.27,95,100,7.29,overcast clouds
219,Lagoa,PT,39.05,-27.9833,59.0,74,22,16.53,few clouds
220,Moroni,KM,-11.7022,43.2551,77.32,74,51,1.01,broken clouds
221,Arlit,NE,18.7369,7.3853,59.63,25,37,8.19,scattered clouds
222,Umm Lajj,SA,25.0213,37.2685,59.43,47,69,15.75,broken clouds
223,Comodoro Rivadavia,AR,-45.8667,-67.5,75.06,41,20,14.97,few clouds
224,Kavieng,PG,-2.5744,150.7967,84.61,68,65,6.6,light rain
225,Sainte-Maxime,FR,43.3,6.6333,49.53,91,28,3.18,scattered clouds
226,Mendoza,AR,-32.8908,-68.8272,72.93,73,20,6.91,few clouds
227,Cairns,AU,-16.9167,145.7667,84.11,82,100,4.61,overcast clouds
228,Angoche,MZ,-16.2325,39.9086,73.09,93,7,6.4,clear sky
229,Imeni Poliny Osipenko,RU,52.4201,136.4853,-3.35,97,100,3.27,overcast clouds
230,Oberwart,AT,47.2897,16.206,30.34,93,100,2.44,overcast clouds
231,Nishihara,JP,26.1842,127.7558,63.68,94,1,3.44,clear sky
232,Codrington,AU,-38.2667,141.9667,70.14,79,39,5.77,light rain
233,Cockburn Town,TC,21.4612,-71.1419,78.24,73,7,9.95,clear sky
234,Victoria,HK,22.2855,114.1577,68.18,93,80,5.01,broken clouds
235,Sambava,MG,-14.2667,50.1667,74.95,79,48,9.44,scattered clouds
236,Hualmay,PE,-11.0964,-77.6139,70.88,84,81,8.41,broken clouds
237,Matara,LK,5.9485,80.5353,71.76,84,95,7.7,overcast clouds
238,Ugoofaaru,MV,5.6667,73.0,79.27,57,30,9.89,scattered clouds
239,Seoul,KR,37.5683,126.9778,24.24,66,0,4.61,clear sky
240,Sarkikaraagac,TR,38.0794,31.3664,8.87,94,18,2.42,few clouds
241,Palu,ID,-0.8917,119.8707,75.47,94,100,1.97,overcast clouds
242,Grindavik,IS,63.8424,-22.4338,39.67,93,100,24.16,overcast clouds
243,Uthal,PK,25.8072,66.6219,60.42,41,0,3.09,clear sky
244,Yulara,AU,-25.2406,130.9889,78.64,83,100,8.05,overcast clouds
245,Banda Aceh,ID,5.5577,95.3222,77.56,84,72,4.5,broken clouds
246,Helena,US,46.5927,-112.0361,33.15,57,0,1.01,clear sky
247,Tieling,CN,42.2931,123.8414,7.83,81,5,3.09,clear sky
248,Flin Flon,CA,54.7682,-101.865,1.24,66,90,3.44,light snow
249,Niimi,JP,34.9833,133.4667,42.15,71,100,8.32,overcast clouds
250,Jardim,BR,-21.4803,-56.1381,75.72,79,100,3.4,overcast clouds
251,Sao Joao Da Barra,BR,-21.6403,-41.0511,76.28,89,3,16.55,clear sky
252,Lazaro Cardenas,MX,17.9583,-102.2,80.53,63,51,8.1,broken clouds
253,Kemin,KG,42.7846,75.6892,20.25,50,16,10.0,few clouds
254,Mesetas,CO,3.3846,-74.0442,79.16,58,86,3.42,overcast clouds
255,Xuchang,CN,34.0167,113.8167,32.88,90,87,4.68,overcast clouds
256,Purpe,RU,64.4803,76.6897,6.4,94,100,17.96,overcast clouds
257,Fortuna,US,40.5982,-124.1573,60.93,65,0,1.01,clear sky
258,Shimoda,JP,34.6667,138.95,48.56,64,93,8.95,overcast clouds
259,Belyy Yar,RU,53.6039,91.3903,-7.71,83,75,0.0,mist
260,Marzuq,YE,14.4,46.4667,60.22,72,73,3.09,broken clouds
261,Castro,BR,-24.7911,-50.0119,66.97,94,100,3.29,overcast clouds
262,Yeppoon,AU,-23.1333,150.7333,80.38,60,86,14.88,overcast clouds
263,Tadine,NC,-21.55,167.8833,80.69,81,98,21.72,overcast clouds
264,Kamaishi,JP,39.2667,141.8833,16.75,48,3,4.45,clear sky
265,Lasa,IT,46.6166,10.7002,44.06,56,37,7.99,scattered clouds
266,Saint-Georges,GD,12.0564,-61.7485,74.88,94,75,12.66,broken clouds
267,Georgetown,MY,5.4112,100.3354,78.89,91,20,5.01,few clouds
268,Champerico,GT,14.3,-91.9167,88.34,64,25,7.4,scattered clouds
269,Sakakah,SA,29.9697,40.2064,38.77,74,0,4.54,clear sky
270,Roebourne,AU,-20.7833,117.1333,81.61,59,11,13.24,few clouds
271,Sola,VU,-13.8833,167.55,81.63,78,99,18.05,light rain
272,Verkh-Usugli,RU,52.7,115.1667,-16.31,97,45,2.95,scattered clouds
273,Kaitangata,NZ,-46.2817,169.8464,60.93,59,44,5.48,scattered clouds
274,Mackenzie,CA,55.2999,-123.1698,28.62,64,0,6.91,clear sky
275,Piacabucu,BR,-10.4056,-36.4344,79.02,80,24,9.8,few clouds
276,Tsiroanomandidy,MG,-18.7667,46.0333,66.43,84,66,2.68,broken clouds
277,Longonjo,AO,-12.9067,15.2533,62.44,98,100,0.27,light rain
278,Synya,RU,65.3718,58.0387,4.68,94,97,8.46,overcast clouds
279,Yeniseysk,RU,58.4497,92.1703,-13.45,100,100,2.51,overcast clouds
280,Savannah Bight,HN,16.45,-85.85,79.0,72,0,10.38,clear sky
281,Oudtshoorn,ZA,-33.5907,22.2014,64.76,82,25,2.95,scattered clouds
282,Sao Filipe,CV,14.8961,-24.4956,72.05,72,99,15.32,overcast clouds
283,Ust-Tarka,RU,55.5672,75.705,-1.61,95,95,6.82,overcast clouds
284,Husavik,IS,66.0449,-17.3389,35.51,82,100,14.29,overcast clouds
285,Ndende,GA,-2.4008,11.3581,73.15,96,72,1.25,broken clouds
286,Inhambane,MZ,-23.865,35.3833,76.91,78,71,7.58,broken clouds
287,Torbay,CA,47.6666,-52.7314,21.58,89,90,9.22,light shower snow
288,Ambulu,ID,-8.345,113.6058,78.82,87,100,1.68,overcast clouds
289,Whitehorse,CA,60.7161,-135.0538,29.17,76,100,21.0,overcast clouds
290,Maceio,BR,-9.6658,-35.7353,80.04,89,20,4.61,few clouds
291,Port Lincoln,AU,-34.7333,135.8667,70.75,69,35,9.42,scattered clouds
292,Port Blair,IN,11.6667,92.75,80.64,74,40,5.75,mist
293,Changqing,CN,36.5575,116.7272,29.57,53,78,5.08,light snow
294,Kuryk,KZ,43.2,51.65,35.17,77,100,21.0,overcast clouds
295,Laguna,US,38.421,-121.4238,66.65,46,0,1.99,clear sky
296,Provideniya,RU,64.3833,-173.3,-5.69,65,0,4.47,clear sky
297,Unai,BR,-16.3575,-46.9061,69.6,88,48,3.24,scattered clouds
298,Walvis Bay,NA,-22.9575,14.5053,66.09,82,24,5.75,few clouds
299,Camopi,GF,3.1655,-52.3158,71.19,99,75,3.04,moderate rain
300,Blyth,GB,55.1271,-1.5086,42.31,89,100,1.01,overcast clouds
301,Karpathos,GR,35.507,27.2132,49.96,50,14,8.05,few clouds
302,Krasnogorsk,RU,55.8225,37.3181,17.94,82,75,11.18,light snow
303,Rawson,AR,-43.3002,-65.1023,78.98,36,0,22.32,clear sky
304,Rumoi,JP,43.9344,141.6428,19.42,87,89,6.67,overcast clouds
305,Araguacu,BR,-12.9306,-49.8264,70.59,95,46,4.74,scattered clouds
306,Zyryanovsk,KZ,49.7386,84.2719,-17.19,99,84,2.44,broken clouds
307,Ahipara,NZ,-35.1667,173.1667,75.02,52,3,12.77,clear sky
308,Narsaq,GL,60.9167,-46.05,19.62,91,19,7.05,few clouds
309,Tasiilaq,GL,65.6145,-37.6368,19.56,95,100,5.37,light snow
310,Carnarvon,AU,-24.8667,113.6333,75.27,83,7,3.44,clear sky
311,Morant Bay,JM,17.8815,-76.4093,80.22,81,31,5.19,scattered clouds
312,Caohai,CN,26.8661,104.2841,32.97,96,92,5.19,overcast clouds
313,Pisco,PE,-13.7,-76.2167,69.85,73,0,25.32,clear sky
314,George Town,MY,5.4112,100.3354,78.89,91,20,5.01,few clouds
315,Hofn,IS,64.2539,-15.2082,32.59,99,100,4.03,snow
316,Necochea,AR,-38.5473,-58.7368,62.04,70,0,4.61,clear sky
317,Upington,ZA,-28.4478,21.2561,86.38,32,32,8.05,scattered clouds
318,Chokurdakh,RU,70.6333,147.9167,-23.84,92,75,10.38,broken clouds
319,Dosso,NE,13.049,3.1937,67.66,19,3,11.1,clear sky
320,Pimentel,PE,-6.8367,-79.9342,73.69,73,100,18.41,overcast clouds
321,Tsabong,BW,-26.0217,22.401,78.78,47,66,8.75,broken clouds
322,Ambilobe,MG,-13.2,49.05,72.16,92,82,2.59,broken clouds
323,Pedro Velho,BR,-6.4392,-35.2214,79.09,83,74,6.73,broken clouds
324,Kolvereid,NO,64.8655,11.6047,33.48,82,100,27.74,snow
325,Salihorsk,BY,52.7876,27.5415,32.45,97,100,14.52,light snow
326,Poya,NC,-21.35,165.15,88.0,61,57,6.53,broken clouds
327,Hagere Hiywet,ET,8.9833,37.85,53.58,55,20,5.79,few clouds
328,Mahon,ES,39.8885,4.2658,45.16,93,0,5.75,clear sky
329,Ostrovnoy,RU,68.0531,39.5131,19.09,89,100,10.49,overcast clouds
330,Waingapu,ID,-9.6567,120.2641,80.71,81,100,8.81,overcast clouds
331,San Policarpo,PH,12.1791,125.5072,80.92,82,98,8.1,overcast clouds
332,Meulaboh,ID,4.1363,96.1285,75.45,91,79,3.89,broken clouds
333,Cidreira,BR,-30.1811,-50.2056,72.0,64,80,13.4,broken clouds
334,Paka,MY,4.6374,103.4368,69.73,100,20,1.14,few clouds
335,Mayumba,GA,-3.432,10.6554,75.96,89,56,2.89,broken clouds
336,Calnic,RO,45.8833,23.6667,27.79,89,78,6.89,broken clouds
337,Padang,ID,-0.9492,100.3543,77.05,86,100,4.05,overcast clouds
338,Goundam,ML,16.4145,-3.6708,69.1,12,1,9.26,clear sky
339,Esperance,AU,-33.8667,121.9,66.04,63,46,10.56,scattered clouds
340,Flinders,AU,-34.5833,150.8552,85.05,66,11,8.99,few clouds
341,Yar-Sale,RU,66.8333,70.8333,1.54,97,100,6.8,overcast clouds
342,Itoman,JP,26.1247,127.6694,64.42,92,20,5.75,few clouds
343,Villefranche-De-Rouergue,FR,44.3333,2.0,33.04,92,22,0.89,few clouds
344,Barcelona,ES,41.3888,2.159,51.91,61,0,5.01,clear sky
345,Ayan,RU,56.45,138.1667,-7.24,75,92,10.47,overcast clouds
346,Tornio,FI,65.8481,24.1466,19.42,97,69,4.83,broken clouds
347,Santa Rosa,PH,14.3122,121.1114,82.09,78,50,8.75,scattered clouds
348,Sainte-Rose,GP,16.3324,-61.6979,77.04,78,75,8.05,broken clouds
349,Tabora,TZ,-5.0167,32.8,64.11,94,100,1.32,overcast clouds
350,Turochak,RU,52.2576,87.1224,2.82,99,99,1.68,overcast clouds
351,Grand Forks,US,47.9417,-97.4337,3.13,71,20,5.75,few clouds
352,Osypenko,UA,46.9136,36.8253,22.03,89,69,5.08,broken clouds
353,Ken Caryl,US,39.5773,-105.1169,29.35,74,100,1.01,overcast clouds
354,Havoysund,NO,70.9963,24.6622,23.88,83,100,15.59,light snow
355,Moratuwa,LK,6.773,79.8816,71.62,79,72,5.99,broken clouds
356,Malanje,AO,-9.5402,16.341,62.98,98,100,3.49,overcast clouds
357,San Jose,US,37.3394,-121.895,70.05,35,20,1.01,few clouds
358,Berlevag,NO,70.8578,29.0864,27.34,86,100,6.04,overcast clouds
359,Sumenep,ID,-7.0167,113.8667,79.0,86,100,8.25,overcast clouds
360,Kieta,PG,-6.2167,155.6333,85.19,66,99,2.04,overcast clouds
361,Muzhi,RU,65.3667,64.6667,-0.62,97,97,4.65,overcast clouds
362,Goderich,CA,43.7501,-81.7165,29.91,86,100,17.27,light snow
363,Bethel,US,41.3712,-73.414,29.64,68,0,3.44,clear sky
364,Boquira,BR,-12.8231,-42.7306,67.3,96,100,2.17,overcast clouds
365,Talakan,RU,50.3167,130.3667,-6.99,98,100,2.86,overcast clouds
366,Boueni,YT,-12.9025,45.0761,78.78,71,74,4.27,broken clouds
367,Tyrma,RU,50.0833,132.1667,-8.66,97,100,1.25,overcast clouds
368,Moerewa,NZ,-35.3833,174.0333,74.34,52,79,11.97,broken clouds
369,Ayagoz,KZ,47.9714,80.4392,-17.32,99,50,5.41,scattered clouds
370,Sur,OM,22.5667,59.5289,66.99,53,0,3.56,clear sky
371,Bundaberg,AU,-24.85,152.35,84.22,55,100,3.0,overcast clouds
372,Ca Mau,VN,9.1769,105.15,74.5,84,86,2.66,overcast clouds
373,Chuguyevka,RU,44.1653,133.8633,4.6,94,100,1.81,overcast clouds
374,Ketchikan,US,55.3422,-131.6461,43.27,75,75,16.11,broken clouds
375,Saskylakh,RU,71.9167,114.0833,2.21,86,60,14.2,broken clouds
376,Saint-Augustin,CA,51.226,-58.6502,-16.1,99,37,2.01,scattered clouds
377,Los Llanos De Aridane,ES,28.6585,-17.9182,56.12,74,75,10.0,broken clouds
378,Longyearbyen,SJ,78.2186,15.6401,10.24,79,75,9.22,light snow
379,Burnie,AU,-41.0667,145.9167,72.95,85,82,4.21,broken clouds
380,Ballina,AU,-28.8667,153.5667,80.56,77,40,9.22,scattered clouds
381,Bilibino,RU,68.0546,166.4372,-19.03,96,89,3.38,overcast clouds
382,Beringovskiy,RU,63.05,179.3167,5.59,94,100,3.0,overcast clouds
383,Phalodi,IN,27.1333,72.3667,55.02,26,0,2.26,clear sky
384,Sakit,IN,27.45,78.8167,45.52,70,0,7.72,clear sky
385,Podporozhye,RU,60.9112,34.1706,21.27,96,100,6.06,light snow
386,Sobolevo,RU,54.4299,31.8996,28.62,97,100,14.94,snow
387,Domoni,KM,-12.2569,44.5319,77.4,82,59,4.03,broken clouds
388,Yuancheng,CN,36.652,107.7896,25.39,48,98,2.42,overcast clouds
389,Nuuk,GL,64.1835,-51.7216,12.81,62,75,16.11,light shower snow
390,Mitu,CO,1.1983,-70.1733,76.1,76,92,2.91,overcast clouds
391,Khasan,RU,42.4308,130.6434,18.59,55,0,19.22,clear sky
392,Mehamn,NO,71.0357,27.8492,27.91,94,100,3.38,snow
393,Nome,US,64.5011,-165.4064,-2.83,65,0,0.0,clear sky
394,Bayana,IN,26.9,77.2833,45.54,67,0,2.28,clear sky
395,Conceicao Do Araguaia,BR,-8.2578,-49.2647,72.9,94,100,2.86,light rain
396,Candolim,IN,15.5181,73.7626,72.77,52,7,7.29,clear sky
397,Namtsy,RU,62.7161,129.6658,-30.89,98,98,1.48,overcast clouds
398,Rio Gallegos,AR,-51.6226,-69.2181,60.51,58,31,10.13,scattered clouds
399,Saint George,US,37.1041,-113.5841,57.67,15,0,15.99,clear sky
400,Moen,NO,69.1304,18.6123,24.87,93,100,0.0,snow
401,Son La,VN,21.3167,103.9,58.66,98,24,2.75,few clouds
402,Basoko,CD,1.2391,23.616,73.85,57,93,2.35,overcast clouds
403,Kirovskiy,RU,45.0917,133.5136,3.36,96,100,4.12,overcast clouds
404,Lerwick,GB,60.1545,-1.1494,41.0,67,27,9.71,scattered clouds
405,Crossville,US,35.949,-85.0269,44.51,31,100,3.44,overcast clouds
406,Alizai,PK,33.5383,70.3462,40.59,34,0,2.8,clear sky
407,Minas,UY,-34.3759,-55.2377,63.52,77,12,6.24,few clouds
408,Genhe,CN,50.7833,121.5167,-15.09,100,100,3.06,overcast clouds
409,Medea,DZ,36.2642,2.7539,30.65,56,26,4.99,scattered clouds
410,Batagay,RU,67.6333,134.6333,-27.76,97,79,4.54,broken clouds
411,Nichinan,JP,31.6,131.3667,46.08,67,95,3.98,overcast clouds
412,Laguna De Perlas,NI,12.3429,-83.6712,80.69,80,40,10.83,scattered clouds
413,Almeirim,BR,-1.5233,-52.5817,74.1,95,80,2.19,broken clouds
414,Progreso,MX,21.2833,-89.6667,77.11,74,13,12.37,few clouds
415,Lunca,RO,43.8333,24.7667,27.28,78,62,6.33,broken clouds
416,Dolinsk,RU,47.35,142.8,-7.74,89,51,3.31,broken clouds
417,Great Sankey,GB,53.3923,-2.6399,44.82,94,75,1.01,broken clouds
418,Reconquista,AR,-29.15,-59.65,71.89,47,7,9.19,clear sky
419,Ancud,CL,-41.8697,-73.8203,76.53,81,0,4.25,clear sky
420,Skjervoy,NO,70.0311,20.9714,32.31,71,100,9.13,light snow
421,Porto Walter,BR,-8.2686,-72.7439,77.7,79,100,3.31,overcast clouds
422,Dallas,US,32.7668,-96.7836,51.93,51,20,9.22,few clouds
423,Barra Do Bugres,BR,-15.0725,-57.1811,74.41,93,100,1.61,moderate rain
424,Waldoboro,US,44.0954,-69.3756,28.42,85,100,10.65,overcast clouds
425,Verkhnevilyuysk,RU,63.4453,120.3167,-9.36,93,19,6.15,few clouds
426,Kirakira,SB,-10.4544,161.9205,78.94,90,100,7.85,overcast clouds
427,Nueva Loja,EC,0.0847,-76.8828,75.2,88,75,1.48,broken clouds
428,Tinskoy,RU,56.1525,96.9161,-7.2,100,100,0.43,overcast clouds
429,Novyy Urengoy,RU,66.0833,76.6333,5.02,94,100,15.79,overcast clouds
430,Kodinsk,RU,58.6881,99.1844,-15.75,100,95,0.92,overcast clouds
431,Bambanglipuro,ID,-7.95,110.2833,76.71,89,100,2.93,overcast clouds
432,Vannes,FR,47.8333,-2.5,48.27,98,100,5.12,overcast clouds
433,Egvekinot,RU,66.3167,-179.1667,-5.28,93,100,1.21,overcast clouds
434,Scottsboro,US,34.6723,-86.0341,51.64,53,75,0.0,broken clouds
435,Bengbu,CN,32.9408,117.3608,35.02,70,100,7.4,overcast clouds
436,Calama,CL,-22.4667,-68.9333,70.29,32,95,27.63,overcast clouds
437,Namatanai,PG,-3.6667,152.4333,84.99,69,70,5.61,light rain
438,Karachi,PK,24.9056,67.0822,51.62,82,0,5.75,smoke
439,Chimoio,MZ,-19.1164,33.4833,71.46,100,75,2.28,broken clouds
440,Zaraza,VE,9.3503,-65.3245,75.69,75,49,9.95,scattered clouds
441,Estelle,US,29.8458,-90.1067,60.8,47,40,1.01,scattered clouds
442,Russell,US,32.3502,-85.1999,54.68,47,0,3.44,clear sky
443,Broome,US,42.2506,-75.833,26.71,55,100,3.0,overcast clouds
444,Urumqi,CN,43.801,87.6005,-3.05,85,75,2.24,mist
445,Nizhnetroitskiy,RU,54.3385,53.6833,-0.58,100,93,3.53,overcast clouds
446,Mizdah,LY,31.4451,12.9801,42.76,66,44,2.1,scattered clouds
447,Moron,AR,-34.6534,-58.6198,69.98,62,11,6.33,few clouds
448,Tuy Hoa,VN,13.0833,109.3,71.17,86,99,5.73,overcast clouds
449,Pahrump,US,36.2083,-115.9839,62.65,15,0,1.01,clear sky
450,Camana,PE,-16.6228,-72.7111,71.56,76,79,7.27,broken clouds
451,Acarau,BR,-2.8856,-40.12,75.96,86,100,7.96,overcast clouds
452,Leshukonskoye,RU,64.8989,45.7622,9.5,95,100,6.11,overcast clouds
453,Faanui,PF,-16.4833,-151.75,81.05,76,36,15.14,light rain
454,Klaksvik,FO,62.2266,-6.589,41.92,73,96,18.37,overcast clouds
455,San Vicente,AR,-26.6167,-54.1333,67.84,96,100,5.91,overcast clouds
456,Mount Gambier,AU,-37.8333,140.7667,69.71,73,100,10.36,overcast clouds
457,San Lorenzo,PY,-25.3333,-57.5333,79.74,83,75,8.01,broken clouds
458,Slavonice,CZ,48.9975,15.3515,36.05,84,99,18.97,snow
459,Normandin,CA,48.8333,-72.5321,13.62,67,100,16.11,overcast clouds
460,Touros,BR,-5.1989,-35.4608,77.9,80,92,7.11,moderate rain
461,Traverse City,US,44.7631,-85.6206,21.94,64,90,20.71,light snow
462,Kismayo,SO,-0.3582,42.5454,75.92,83,39,9.78,scattered clouds
463,Winschoten,NL,53.1442,7.0347,42.12,81,12,21.54,few clouds
464,Altamira,BR,-3.2033,-52.2064,70.77,99,94,1.48,overcast clouds
465,Gawler,AU,-34.6,138.7333,78.6,78,23,9.73,few clouds
466,Pombas,CV,17.1503,-25.0201,67.78,69,100,15.26,overcast clouds
467,Digoin,FR,46.4812,3.9795,30.33,100,100,0.0,mist
468,Moses Lake,US,47.1301,-119.2781,32.68,80,100,5.75,overcast clouds
469,Kosh-Agach,RU,50.0,88.6667,-20.94,99,100,2.57,overcast clouds
470,Cambridge,CA,43.3601,-80.3127,25.38,88,100,5.01,overcast clouds
471,Rocha,UY,-34.4833,-54.3333,63.99,66,46,5.48,scattered clouds
472,Providencia,MX,28.7167,-111.5833,79.21,26,50,14.92,scattered clouds
473,Grand Gaube,MU,-20.0064,57.6608,75.6,74,3,5.01,clear sky
474,Rottenmann,AT,47.5167,14.35,35.1,96,89,5.06,snow
475,Mpanda,TZ,-6.3655,31.0409,64.67,95,100,1.23,overcast clouds
476,Zhanakorgan,KZ,43.9098,67.2495,33.66,46,57,5.48,broken clouds
477,Sarahan,IN,31.5167,77.8,20.23,42,0,12.91,clear sky
478,Manakara,MG,-22.1333,48.0167,73.27,74,74,2.35,broken clouds
479,Oussouye,SN,12.485,-16.5469,73.58,67,8,5.68,clear sky
480,Morales,CO,2.757,-76.6172,60.76,97,89,1.63,overcast clouds
481,Northam,GB,51.0333,-4.2167,42.73,85,3,0.49,clear sky
482,Kozhevnikovo,RU,56.2589,83.9714,-10.75,99,100,5.3,overcast clouds
483,Muli,MV,2.9167,73.5667,80.08,59,99,7.16,overcast clouds
484,Unhel,IN,23.3333,75.5667,47.23,54,0,5.86,clear sky
485,Chillicothe,US,39.3331,-82.9824,35.71,55,100,3.44,overcast clouds
486,Zhezkazgan,KZ,47.8043,67.7144,6.48,83,100,10.31,overcast clouds
487,Taksimo,RU,56.3444,114.8794,-17.14,90,43,2.3,scattered clouds
488,Truro,GB,50.2653,-5.0544,45.36,89,9,3.09,clear sky
489,Faya,SA,18.3851,42.4509,52.32,87,23,0.72,few clouds
490,Ayabe,JP,35.3,135.25,41.4,80,99,1.5,overcast clouds
491,Priyutnoye,RU,46.1011,43.5072,25.32,84,99,6.8,overcast clouds
492,Tongzi,CN,28.7829,105.0877,43.02,91,100,5.97,overcast clouds
493,Nanortalik,GL,60.1432,-45.2371,12.04,79,54,9.82,broken clouds
494,Baruun-Urt,MN,46.6806,113.2792,-9.67,92,12,4.47,few clouds
495,Fukue,JP,32.6881,128.8419,46.76,76,75,9.22,broken clouds
496,Presidente Medici,BR,-11.1753,-61.9014,73.04,94,32,2.01,scattered clouds
497,Buin,CL,-33.7333,-70.75,77.32,64,0,6.64,clear sky
498,Raga,SS,8.4596,25.678,68.67,21,81,7.09,broken clouds
499,Jawhar,SO,2.7809,45.5005,72.1,78,100,11.1,overcast clouds
500,Matucana,PE,-11.85,-76.4,58.71,98,100,5.32,light rain
501,Kununurra,AU,-15.7667,128.7333,82.38,83,100,6.91,overcast clouds
502,Noumea,NC,-22.2763,166.4572,78.78,67,93,9.55,heavy intensity rain
503,Velika Gorica,HR,45.7125,16.0756,39.7,80,0,8.05,clear sky
504,Ayaviri,PE,-14.8864,-70.5889,42.17,93,92,5.73,overcast clouds
505,Santa Helena,BR,-2.2311,-45.3,71.64,99,100,1.01,overcast clouds
506,Toba,JP,34.4833,136.85,41.09,73,90,4.0,overcast clouds
507,Yingcheng,CN,30.95,113.55,32.05,98,100,15.01,light snow
508,Richards Bay,ZA,-28.783,32.0377,76.77,83,3,15.3,clear sky
509,Katherine,AU,-14.4667,132.2667,80.92,78,75,8.05,broken clouds
510,Wahiawa,US,21.5028,-158.0236,79.12,59,100,0.0,overcast clouds
511,Tual,ID,-5.6667,132.75,84.16,72,96,8.84,overcast clouds
512,Kiama,AU,-34.6833,150.8667,85.24,64,8,8.01,clear sky
513,Pochutla,MX,15.7432,-96.4661,82.81,62,16,5.23,few clouds
514,Puerto Colombia,CO,10.9878,-74.9547,80.69,81,13,27.38,few clouds
515,Monywa,MM,22.1167,95.1333,60.82,83,3,6.26,clear sky
516,Bosaso,SO,11.2842,49.1816,71.6,74,94,3.06,overcast clouds
517,Rupert,US,42.6191,-113.6772,19.35,73,75,6.91,broken clouds
518,Solnechnyy,RU,50.7214,136.6319,-4.25,96,100,1.52,overcast clouds
519,Catamarca,AR,-28.4696,-65.7852,72.59,80,77,6.22,broken clouds
520,Vardo,NO,70.3705,31.1107,26.69,89,100,9.04,light snow
521,Huilong,CN,31.8111,121.655,43.03,69,100,13.15,overcast clouds
522,Visnes,NO,59.3556,5.2242,41.58,56,75,33.38,broken clouds
523,Olenino,RU,56.2092,33.4889,21.34,95,100,11.74,snow
524,Rosarito,MX,32.3333,-117.0333,74.08,34,2,9.82,clear sky
525,Malaut,IN,30.2167,74.4833,45.0,55,0,2.95,clear sky
526,Abu Samrah,SY,35.3029,37.1841,37.53,87,2,6.46,clear sky
527,Uige,AO,-7.6087,15.0613,66.52,96,97,1.68,light rain
528,Iralaya,HN,15.0,-83.2333,76.91,79,5,8.9,clear sky
529,Urusha,RU,54.05,122.9,-9.29,91,79,4.0,broken clouds
530,Pachino,IT,36.7186,15.0907,47.61,74,13,8.37,few clouds
531,Tanout,NE,14.9709,8.8879,58.24,26,2,14.65,clear sky
532,Taiyuan,CN,37.8694,112.5603,24.66,86,94,2.24,mist
533,Suntar,RU,62.1444,117.6319,-6.32,93,26,7.36,scattered clouds
534,Suratgarh,IN,29.3167,73.9,50.56,36,0,4.7,clear sky
535,Sangar,RU,63.9242,127.4739,-23.37,97,100,2.93,overcast clouds
536,Hasaki,JP,35.7333,140.8333,39.6,58,100,6.78,overcast clouds
537,Dunnville,CA,42.9001,-79.6163,28.42,89,100,22.68,overcast clouds
538,Turukhansk,RU,65.8167,87.9833,-2.2,91,100,14.72,overcast clouds
539,Ghatampur,IN,26.1667,80.1667,46.4,79,0,6.51,clear sky
540,Mayya,RU,61.7333,130.2811,-32.69,100,50,3.18,scattered clouds
541,Maxixe,MZ,-23.8597,35.3472,75.31,83,58,6.31,broken clouds
542,Beaverlodge,CA,55.2166,-119.4361,27.75,81,74,2.26,broken clouds
543,Chkalovskoye,RU,44.8392,133.0436,2.61,95,99,4.99,overcast clouds
544,Kurmanayevka,RU,52.5093,52.0675,-2.74,100,97,5.17,overcast clouds
545,Feijo,BR,-8.1642,-70.3536,74.41,97,100,3.13,overcast clouds
546,Japura,ID,-0.3167,102.35,72.18,92,98,0.94,overcast clouds
547,Tuatapere,NZ,-46.1333,167.6833,63.82,41,78,4.72,broken clouds
548,Sabha,LY,27.0377,14.4283,43.9,43,40,7.83,scattered clouds
549,Narkevychi,UA,49.5172,26.6418,29.19,97,100,13.94,light snow
550,Linda,US,39.1277,-121.5508,67.95,47,0,0.0,clear sky
551,Severo-Yeniseyskiy,RU,60.3725,93.0408,-13.95,100,93,3.76,overcast clouds
552,Havelock,US,34.8791,-76.9013,42.78,67,0,6.91,clear sky
553,San Rafael,AR,-34.6177,-68.3301,72.39,56,59,3.27,broken clouds
554,Mackay,AU,-21.15,149.2,82.38,74,75,16.11,broken clouds
555,Codajas,BR,-3.8367,-62.0569,73.96,98,74,2.3,broken clouds
556,Haverfordwest,GB,51.8017,-4.9691,42.82,86,19,2.15,few clouds
557,Hurghada,EG,27.2574,33.8129,50.04,50,0,10.36,clear sky
558,Conselheiro Pena,BR,-19.1722,-41.4722,74.44,86,8,2.28,clear sky
559,San Quintin,MX,30.4833,-115.95,62.4,52,86,9.24,overcast clouds
560,Yushu,CN,44.8,126.5333,-0.24,97,84,6.8,broken clouds
561,Kenai,US,60.5544,-151.2583,29.03,96,100,17.27,light snow
562,Pandan,PH,14.0453,124.1694,80.62,74,61,7.34,broken clouds
563,Aswan,EG,24.0934,32.907,43.9,45,0,6.91,clear sky
564,Villa Carlos Paz,AR,-31.4241,-64.4978,65.39,37,91,10.0,overcast clouds
565,Maridi,SS,4.9158,29.4742,69.44,33,43,4.09,scattered clouds
566,Axim,GH,4.8699,-2.2405,78.75,86,20,5.44,few clouds
567,Abha,SA,18.2164,42.5053,52.05,87,20,6.91,few clouds
568,Fare,PF,-16.7,-151.0167,80.44,77,7,15.57,light rain
569,Asau,RO,46.4333,26.4,34.72,89,95,7.92,overcast clouds
570,Fria,GN,10.4167,-13.5833,74.21,90,67,1.05,broken clouds
571,Malkangiri,IN,18.35,81.9,54.66,53,39,2.8,scattered clouds
572,San Jeronimo,PE,-11.9472,-75.2829,52.54,84,98,3.62,overcast clouds
573,Carmo Do Paranaiba,BR,-19.0008,-46.3161,65.66,85,61,0.65,broken clouds
574,Mahanoro,MG,-19.9,48.8,72.72,83,54,3.71,light rain
575,Erenhot,CN,43.6475,111.9767,1.27,85,4,4.68,clear sky
576,San Antonio,US,29.4241,-98.4936,62.62,54,100,0.0,overcast clouds
577,Oistins,BB,13.0667,-59.5333,75.29,69,20,8.05,few clouds
578,Alekseyevka,RU,50.6309,38.6903,-3.91,100,100,4.47,overcast clouds
579,East Brunswick,US,40.4279,-74.416,31.59,53,9,5.1,clear sky
580,Wajima,JP,37.4,136.9,34.48,93,75,2.3,broken clouds
581,Zima,RU,53.9202,102.0442,-15.72,100,97,1.88,overcast clouds
582,Gweta,BW,-20.1833,25.2333,69.71,88,92,10.92,light rain
583,Jales,BR,-20.2689,-50.5458,79.21,61,96,5.5,overcast clouds
584,Bang Saphan,TH,11.2126,99.5117,73.35,91,45,2.93,scattered clouds
585,Atikokan,CA,48.7555,-91.6216,-11.36,97,79,4.18,broken clouds
586,Mondlo,ZA,-27.983,30.7177,62.98,83,4,5.23,clear sky
587,Brasilia,BR,-15.7797,-47.9297,70.72,83,75,3.44,broken clouds
588,Tambilil,PH,5.9622,124.6697,83.64,69,39,0.49,scattered clouds
589,Kulhudhuffushi,MV,6.6221,73.07,79.12,64,32,10.04,scattered clouds
590,Conde,BR,-7.2597,-34.9075,76.46,94,20,0.0,moderate rain
591,Barra Patuca,HN,15.8,-84.2833,75.83,83,12,6.76,few clouds
592,Jacareacanga,BR,-6.2222,-57.7528,73.06,98,81,2.39,moderate rain
593,Seydi,TM,39.4816,62.9137,48.76,48,100,8.12,overcast clouds
594,Kawalu,ID,-7.3817,108.2082,74.48,91,100,1.03,overcast clouds
595,Te Anau,NZ,-45.4167,167.7167,69.4,40,69,1.52,broken clouds
596,Storsteinnes,NO,69.2408,19.2344,25.38,97,100,1.97,light snow
597,Ardakan,IR,32.31,54.0175,59.38,35,35,24.58,scattered clouds
598,Mulege,MX,26.8833,-111.9833,65.41,40,69,11.23,broken clouds
599,Coihaique,CL,-45.5752,-72.0662,84.15,20,0,5.75,clear sky
600,Chake Chake,TZ,-5.2459,39.7666,75.58,79,64,5.53,broken clouds
601,Kyzyl-Suu,KG,42.3414,78.0056,13.77,44,6,9.82,clear sky
602,Podyuga,RU,61.095,40.8647,10.08,94,100,7.63,overcast clouds
603,Samarai,PG,-10.6167,150.6667,81.99,72,100,3.74,moderate rain
604,Christchurch,NZ,-43.5333,172.6333,66.33,57,40,1.99,scattered clouds
605,Sarangani,PH,5.4033,125.4636,82.36,75,29,19.71,scattered clouds
606,Shaowu,CN,27.3409,117.4831,47.37,92,100,2.98,overcast clouds
607,Lodja,CD,-3.4833,23.4333,69.82,90,100,1.83,light rain
608,Alofi,NU,-19.0595,-169.9187,85.89,70,75,2.3,broken clouds
609,Carauari,BR,-4.8828,-66.8958,75.45,96,74,0.85,broken clouds
610,Jacqueville,CI,5.2052,-4.4146,78.71,81,4,8.1,clear sky
611,La Palma,US,33.8464,-118.0467,76.71,32,20,4.0,few clouds
612,Fort Nelson,CA,58.8053,-122.7002,22.59,93,90,3.44,mist
613,Nkayi,CG,-4.1841,13.2884,71.89,92,66,3.11,broken clouds
614,Permet,AL,40.2336,20.3517,37.27,78,73,2.04,broken clouds
615,Nemuro,JP,43.3236,145.575,5.43,70,46,9.84,scattered clouds
616,Lalmohan,BD,22.3384,90.7419,60.66,64,11,10.56,few clouds
617,Kaspiysk,RU,42.8816,47.6392,32.23,80,40,11.01,scattered clouds
618,Daru,PG,-9.0763,143.2092,80.76,81,100,4.99,overcast clouds
619,Lufilufi,WS,-13.8745,-171.5986,76.78,75,99,24.47,light rain
620,Kremenchuk,UA,49.0973,33.4197,27.3,95,100,10.47,overcast clouds
621,Port Pirie,AU,-33.1833,138.0167,73.49,63,37,13.11,scattered clouds
622,Toumodi,CI,6.5613,-5.0158,79.3,83,7,3.27,clear sky
623,Borova,UA,50.1763,30.1043,33.35,96,100,14.9,light snow
624,Kabo,CF,7.6994,18.629,71.22,22,11,5.23,few clouds
625,Novokruchininskiy,RU,51.7833,113.7667,-27.4,100,22,3.33,few clouds
626,Omsukchan,RU,62.5333,155.8,-7.55,98,100,9.98,light snow
627,Makat,KZ,47.6469,53.3463,25.77,89,100,9.13,overcast clouds
628,Chapais,CA,49.7834,-74.8492,8.38,95,100,10.54,light snow
629,Ulladulla,AU,-35.35,150.4667,83.88,57,1,10.92,clear sky
630,Mangan,IN,27.5167,88.5333,42.3,47,13,6.58,few clouds
631,Shumikha,RU,55.2261,63.2961,-7.98,100,85,2.44,overcast clouds
632,Mangrol,IN,21.1167,70.1167,59.77,43,0,12.77,clear sky
633,Bestobe,KZ,52.4994,73.0975,2.5,83,99,9.04,overcast clouds
634,Kenora,CA,49.8167,-94.4337,0.79,60,20,6.91,few clouds
635,Carahue,CL,-38.7,-73.1667,73.6,82,0,5.61,clear sky
636,Sungairaya,ID,0.7,108.9,77.59,85,100,5.37,overcast clouds
637,Neiafu,TO,-18.65,-173.9833,83.79,76,67,19.64,broken clouds
638,Rapar,IN,23.5667,70.6333,58.1,41,0,7.72,clear sky
639,Dunedin,NZ,-45.8742,170.5036,62.8,58,29,11.01,scattered clouds
640,Angoram,PG,-4.0625,144.0661,85.05,74,83,2.71,broken clouds
641,Luau,AO,-10.7073,22.2247,63.73,94,100,3.62,overcast clouds
642,Teguise,ES,29.0605,-13.564,53.82,62,20,9.22,few clouds
643,Port Augusta,AU,-32.5,137.7667,79.7,59,74,19.98,broken clouds
644,Caravelas,BR,-17.7125,-39.2481,76.08,87,2,5.41,clear sky
645,Panaba,MX,21.2833,-88.2667,72.46,74,81,9.08,broken clouds
646,Alta Floresta,BR,-9.8756,-56.0861,69.1,98,100,1.43,overcast clouds
647,Marsa Matruh,EG,31.3525,27.2453,46.6,76,40,8.05,scattered clouds
648,Vyazma,RU,55.2104,34.2951,17.85,95,99,12.06,snow
649,Yamada,JP,39.4667,141.95,34.0,50,5,3.13,clear sky
650,Kjollefjord,NO,70.9457,27.3465,28.29,95,100,2.89,snow
651,Santiago Del Estero,AR,-27.7951,-64.2615,71.96,74,96,8.32,overcast clouds
652,Governador Valadares,BR,-18.8511,-41.9494,73.78,88,12,0.85,few clouds
653,Valenca Do Piaui,BR,-6.4075,-41.7456,70.79,92,97,2.48,moderate rain
654,Bajmok,RS,45.9688,19.4243,34.0,82,98,3.47,overcast clouds
655,Goiania,BR,-16.6786,-49.2539,76.69,73,40,8.05,scattered clouds
656,Port Hardy,CA,50.6996,-127.4199,49.75,61,20,13.8,few clouds
657,San Carlos De Bariloche,AR,-41.1456,-71.3082,83.95,24,20,5.75,few clouds
658,Hami,CN,42.8,93.45,22.06,45,2,2.17,clear sky
659,Sembakung,ID,3.8167,117.25,76.93,98,100,1.63,overcast clouds
660,Novo Aripuana,BR,-5.1206,-60.3797,73.8,98,72,1.52,broken clouds
661,Nanzhou,CN,29.3596,112.4024,33.26,98,100,13.0,snow
662,Bassila,BJ,9.0081,1.6654,73.83,20,8,4.97,clear sky
663,North Bend,US,43.4065,-124.2243,56.12,80,1,6.91,clear sky
664,Puri,IN,19.8,85.85,55.92,57,7,8.59,clear sky
665,Coxim,BR,-18.5067,-54.76,77.86,84,100,1.45,moderate rain
666,Rugby,GB,52.3709,-1.2642,41.18,94,76,6.91,broken clouds
667,Turka,UA,49.1541,23.0297,30.79,94,99,7.78,overcast clouds
668,Wanning,CN,18.8003,110.3967,69.17,93,26,5.79,scattered clouds
669,Saint-Pierre,RE,-21.3393,55.4781,73.08,73,75,4.61,light rain
670,Boa Vista,BR,2.8197,-60.6733,87.78,48,40,6.91,scattered clouds
671,Gamba,GA,-2.65,10.0,76.53,87,99,1.79,overcast clouds
672,Dvinskoy,RU,62.1535,45.1175,10.0,95,100,6.49,overcast clouds
673,Sunrise Manor,US,36.2111,-115.0731,65.35,13,1,18.41,clear sky
674,Mutare,ZW,-18.9707,32.6709,65.5,98,99,4.79,light rain
